
  <package-structure>
    <package>
      <package-name>
        Convert
      </package-name>
      <dependencies>
        None
      </dependencies>
    </package>
    <package>
      <package-name>
        CppProperties
      </package-name>
      <dependencies>
        None
      </dependencies>
    </package>
    <package>
      <package-name>
        DBUtilities
      </package-name>
      <dependencies>
        None
      </dependencies>
    </package>
    <package>
      <package-name>
        XmlDocument
      </package-name>
      <dependencies>
        None
      </dependencies>
    </package>
    <package>
      <package-name>
        DBEntry
      </package-name>
      <dependencies>
        <dependency>
          CppProperties
        </dependency>
        <dependency>
          DBUtilities
        </dependency>
      </dependencies>
    </package>
    <package>
      <package-name>
        Persist
      </package-name>
      <dependencies>
        <dependency>
          XmlDocument
        </dependency>
      </dependencies>
    </package>
    <package>
      <package-name>
        NoSqlDB
      </package-name>
      <dependencies>
        <dependency>
          Convert
        </dependency>
        <dependency>
          DBUtilities
        </dependency>
        <dependency>
          DBEntry
        </dependency>
        <dependency>
          XmlDocument
        </dependency>
        <dependency>
          Persist
        </dependency>
      </dependencies>
    </package>
    <package>
      <package-name>
        Query
      </package-name>
      <dependencies>
        <dependency>
          DBUtilities
        </dependency>
        <dependency>
          DBEntry
        </dependency>
        <dependency>
          NoSqlDatabase
        </dependency>
      </dependencies>
    </package>
    <package>
      <package-name>
        TestExecutive
      </package-name>
      <dependencies>
        <dependency>
          CppProperties
        </dependency>
        <dependency>
          Persist
        </dependency>
        <dependency>
          DBEntry
        </dependency>
        <dependency>
          NoSqlDatabase
        </dependency>
        <dependency>
          Query
        </dependency>
      </dependencies>
    </package>
  </package-structure>